"System.ObjectModel, Version=4.1.1.0, Culture=neutral, PublicKeyToken=b03f5f7f11d50a3a","","1548716615","FAU0AAAAVgBTAF8AVgBFAFIAUwBJAE8ATgBfAEkATgBGAE8AAAAAAL0E7/4AAAEABgAEAAMAwGoAAAAAAAAAAD8AAAAAAAAABAAAAAIAAAAAAAAAAAAAAAAAAABEAAAAAQBWAGEAcgBGAGkAbABlAEkAbgBmAG8AAAAAACQABAAAAFQAcgBhAG4AcwBsAGEAdABpAG8AbgAAAAAAAACwBHQEAAABAFMAdAByAGkAbgBnAEYAaQBsAGUASQBuAGYAbwAAAFAEAAABADAAMAAwADAAMAA0AGIAMAAAAD4AEwABAEMAbwBtAG0AZQBuAHQAcwAAAFMAeQBzAHQAZQBtAC4ATwBiAGoAZQBjAHQATQBvAGQAZQBsAAAAAABMABYAAQBDAG8AbQBwAGEAbgB5AE4AYQBtAGUAAAAAAE0AaQBjAHIAbwBzAG8AZgB0ACAAQwBvAHIAcABvAHIAYQB0AGkAbwBuAAAATgATAAEARgBpAGwAZQBEAGUAcwBjAHIAaQBwAHQAaQBvAG4AAAAAAFMAeQBzAHQAZQBtAC4ATwBiAGoAZQBjAHQATQBvAGQAZQBsAAAAAAA6AA0AAQBGAGkAbABlAFYAZQByAHMAaQBvAG4AAAAAADQALgA2AC4AMgA3ADMAMgA4AC4AMAAzAAAAAABOABcAAQBJAG4AdABlAHIAbgBhAGwATgBhAG0AZQAAAFMAeQBzAHQAZQBtAC4ATwBiAGoAZQBjAHQATQBvAGQAZQBsAC4AZABsAGwAAAAAAIAALgABAEwAZQBnAGEAbABDAG8AcAB5AHIAaQBnAGgAdAAAAKkAIABNAGkAYwByAG8AcwBvAGYAdAAgAEMAbwByAHAAbwByAGEAdABpAG8AbgAuACAAQQBsAGwAIAByAGkAZwBoAHQAcwAgAHIAZQBzAGUAcgB2AGUAZAAuAAAAVgAXAAEATwByAGkAZwBpAG4AYQBsAEYAaQBsAGUAbgBhAG0AZQAAAFMAeQBzAHQAZQBtAC4ATwBiAGoAZQBjAHQATQBvAGQAZQBsAC4AZABsAGwAAAAAAFQAGgABAFAAcgBvAGQAdQBjAHQATgBhAG0AZQAAAAAATQBpAGMAcgBvAHMAbwBmAHQArgAgAC4ATgBFAFQAIABGAHIAYQBtAGUAdwBvAHIAawAAAGoBowABAFAAcgBvAGQAdQBjAHQAVgBlAHIAcwBpAG8AbgAAADQALgA2AC4AMgA3ADMAMgA4AC4AMAAzACAAQABCAHUAaQBsAHQAQgB5ADoAIABkAGwAYQBiADEANAAtAEQARABWAFMATwBXAEkATgBBAEcARQAwADcAOAAgAEAAQgByAGEAbgBjAGgAOgAgAHIAZQBsAGUAYQBzAGUALwB1AHcAcAA2AC4AMgAtAE0AUwBSAEMAIABAAFMAcgBjAEMAbwBkAGUAOgAgAGgAdAB0AHAAcwA6AC8ALwBnAGkAdABoAHUAYgAuAGMAbwBtAC8AZABvAHQAbgBlAHQALwBjAG8AcgBlAGYAeAAvAHQAcgBlAGUALwA5ADIAZgA0AGYAMAAwADAAZABlADEANwBlADAAYgA4ADIAZQAwAGEAZAA2ADMANwBhAGMANAA3ADgAYQBiAGMAOQBiADQAMQAwAGQAYQBhAAAAAAA4AAgAAQBBAHMAcwBlAG0AYgBsAHkAIABWAGUAcgBzAGkAbwBuAAAANAAuADEALgAxAC4AMAAAAA==","PDBPresent","","v4.0.30319"
"System.Private.StackTraceMetadata, Version=4.0.0.0, Culture=neutral, PublicKeyToken=b03f5f7f11d50a3a","","1549389085","tAQ0AAAAVgBTAF8AVgBFAFIAUwBJAE8ATgBfAEkATgBGAE8AAAAAAL0E7/4AAAEABgAEAAAADWsAAAAAAAAAAD8AAAAAAAAABAAAAAIAAAAAAAAAAAAAAAAAAABEAAAAAQBWAGEAcgBGAGkAbABlAEkAbgBmAG8AAAAAACQABAAAAFQAcgBhAG4AcwBsAGEAdABpAG8AbgAAAAAAAACwBBQEAAABAFMAdAByAGkAbgBnAEYAaQBsAGUASQBuAGYAbwAAAPADAAABADAAMAAwADAAMAA0AGIAMAAAAFwAIgABAEMAbwBtAG0AZQBuAHQAcwAAAFMAeQBzAHQAZQBtAC4AUAByAGkAdgBhAHQAZQAuAFMAdABhAGMAawBUAHIAYQBjAGUATQBlAHQAYQBkAGEAdABhAAAATAAWAAEAQwBvAG0AcABhAG4AeQBOAGEAbQBlAAAAAABNAGkAYwByAG8AcwBvAGYAdAAgAEMAbwByAHAAbwByAGEAdABpAG8AbgAAAGwAIgABAEYAaQBsAGUARABlAHMAYwByAGkAcAB0AGkAbwBuAAAAAABTAHkAcwB0AGUAbQAuAFAAcgBpAHYAYQB0AGUALgBTAHQAYQBjAGsAVAByAGEAYwBlAE0AZQB0AGEAZABhAHQAYQAAADoADQABAEYAaQBsAGUAVgBlAHIAcwBpAG8AbgAAAAAANAAuADYALgAyADcANAAwADUALgAwADAAAAAAAGwAJgABAEkAbgB0AGUAcgBuAGEAbABOAGEAbQBlAAAAUwB5AHMAdABlAG0ALgBQAHIAaQB2AGEAdABlAC4AUwB0AGEAYwBrAFQAcgBhAGMAZQBNAGUAdABhAGQAYQB0AGEALgBkAGwAbAAAAIIALwABAEwAZQBnAGEAbABDAG8AcAB5AHIAaQBnAGgAdAAAAKkAIABNAGkAYwByAG8AcwBvAGYAdAAgAEMAbwByAHAAbwByAGEAdABpAG8AbgAuACAAIABBAGwAbAAgAHIAaQBnAGgAdABzACAAcgBlAHMAZQByAHYAZQBkAC4AAAAAAHQAJgABAE8AcgBpAGcAaQBuAGEAbABGAGkAbABlAG4AYQBtAGUAAABTAHkAcwB0AGUAbQAuAFAAcgBpAHYAYQB0AGUALgBTAHQAYQBjAGsAVAByAGEAYwBlAE0AZQB0AGEAZABhAHQAYQAuAGQAbABsAAAAVAAaAAEAUAByAG8AZAB1AGMAdABOAGEAbQBlAAAAAABNAGkAYwByAG8AcwBvAGYAdACuACAALgBOAEUAVAAgAEYAcgBhAG0AZQB3AG8AcgBrAAAAmAA6AAEAUAByAG8AZAB1AGMAdABWAGUAcgBzAGkAbwBuAAAANAAuADYALgAyADcANAAwADUALgAwADAAIABiAHUAaQBsAHQAIABiAHkAOgAgAGQAbABhAGIAMQA0AC0ARABEAEIATABEADIAMAAwAEMALgAgAEMAbwBtAG0AaQB0ACAASABhAHMAaAA6ACAATgAvAEEAAAA4AAgAAQBBAHMAcwBlAG0AYgBsAHkAIABWAGUAcgBzAGkAbwBuAAAANAAuADAALgAwAC4AMAAAAA==","PDBPresent","","v4.0.30319"
"System.Private.Reflection.Execution, Version=4.0.0.0, Culture=neutral, PublicKeyToken=b03f5f7f11d50a3a","","1549389082","xAQ0AAAAVgBTAF8AVgBFAFIAUwBJAE8ATgBfAEkATgBGAE8AAAAAAL0E7/4AAAEABgAEAAAADWsAAAAAAAAAAD8AAAAAAAAABAAAAAIAAAAAAAAAAAAAAAAAAABEAAAAAQBWAGEAcgBGAGkAbABlAEkAbgBmAG8AAAAAACQABAAAAFQAcgBhAG4AcwBsAGEAdABpAG8AbgAAAAAAAACwBCQEAAABAFMAdAByAGkAbgBnAEYAaQBsAGUASQBuAGYAbwAAAAAEAAABADAAMAAwADAAMAA0AGIAMAAAAGAAJAABAEMAbwBtAG0AZQBuAHQAcwAAAFMAeQBzAHQAZQBtAC4AUAByAGkAdgBhAHQAZQAuAFIAZQBmAGwAZQBjAHQAaQBvAG4ALgBFAHgAZQBjAHUAdABpAG8AbgAAAEwAFgABAEMAbwBtAHAAYQBuAHkATgBhAG0AZQAAAAAATQBpAGMAcgBvAHMAbwBmAHQAIABDAG8AcgBwAG8AcgBhAHQAaQBvAG4AAABwACQAAQBGAGkAbABlAEQAZQBzAGMAcgBpAHAAdABpAG8AbgAAAAAAUwB5AHMAdABlAG0ALgBQAHIAaQB2AGEAdABlAC4AUgBlAGYAbABlAGMAdABpAG8AbgAuAEUAeABlAGMAdQB0AGkAbwBuAAAAOgANAAEARgBpAGwAZQBWAGUAcgBzAGkAbwBuAAAAAAA0AC4ANgAuADIANwA0ADAANQAuADAAMAAAAAAAcAAoAAEASQBuAHQAZQByAG4AYQBsAE4AYQBtAGUAAABTAHkAcwB0AGUAbQAuAFAAcgBpAHYAYQB0AGUALgBSAGUAZgBsAGUAYwB0AGkAbwBuAC4ARQB4AGUAYwB1AHQAaQBvAG4ALgBkAGwAbAAAAIIALwABAEwAZQBnAGEAbABDAG8AcAB5AHIAaQBnAGgAdAAAAKkAIABNAGkAYwByAG8AcwBvAGYAdAAgAEMAbwByAHAAbwByAGEAdABpAG8AbgAuACAAIABBAGwAbAAgAHIAaQBnAGgAdABzACAAcgBlAHMAZQByAHYAZQBkAC4AAAAAAHgAKAABAE8AcgBpAGcAaQBuAGEAbABGAGkAbABlAG4AYQBtAGUAAABTAHkAcwB0AGUAbQAuAFAAcgBpAHYAYQB0AGUALgBSAGUAZgBsAGUAYwB0AGkAbwBuAC4ARQB4AGUAYwB1AHQAaQBvAG4ALgBkAGwAbAAAAFQAGgABAFAAcgBvAGQAdQBjAHQATgBhAG0AZQAAAAAATQBpAGMAcgBvAHMAbwBmAHQArgAgAC4ATgBFAFQAIABGAHIAYQBtAGUAdwBvAHIAawAAAJgAOgABAFAAcgBvAGQAdQBjAHQAVgBlAHIAcwBpAG8AbgAAADQALgA2AC4AMgA3ADQAMAA1AC4AMAAwACAAYgB1AGkAbAB0ACAAYgB5ADoAIABkAGwAYQBiADEANAAtAEQARABCAEwARAAyADAAMABDAC4AIABDAG8AbQBtAGkAdAAgAEgAYQBzAGgAOgAgAE4ALwBBAAAAOAAIAAEAQQBzAHMAZQBtAGIAbAB5ACAAVgBlAHIAcwBpAG8AbgAAADQALgAwAC4AMAAuADAAAAA=","PDBPresent","","v4.0.30319"
"System.Diagnostics.Tools, Version=4.1.1.0, Culture=neutral, PublicKeyToken=b03f5f7f11d50a3a","","1548716597","RAU0AAAAVgBTAF8AVgBFAFIAUwBJAE8ATgBfAEkATgBGAE8AAAAAAL0E7/4AAAEABgAEAAMAwGoAAAAAAAAAAD8AAAAAAAAABAAAAAIAAAAAAAAAAAAAAAAAAABEAAAAAQBWAGEAcgBGAGkAbABlAEkAbgBmAG8AAAAAACQABAAAAFQAcgBhAG4AcwBsAGEAdABpAG8AbgAAAAAAAACwBKQEAAABAFMAdAByAGkAbgBnAEYAaQBsAGUASQBuAGYAbwAAAIAEAAABADAAMAAwADAAMAA0AGIAMAAAAEoAGQABAEMAbwBtAG0AZQBuAHQAcwAAAFMAeQBzAHQAZQBtAC4ARABpAGEAZwBuAG8AcwB0AGkAYwBzAC4AVABvAG8AbABzAAAAAABMABYAAQBDAG8AbQBwAGEAbgB5AE4AYQBtAGUAAAAAAE0AaQBjAHIAbwBzAG8AZgB0ACAAQwBvAHIAcABvAHIAYQB0AGkAbwBuAAAAWgAZAAEARgBpAGwAZQBEAGUAcwBjAHIAaQBwAHQAaQBvAG4AAAAAAFMAeQBzAHQAZQBtAC4ARABpAGEAZwBuAG8AcwB0AGkAYwBzAC4AVABvAG8AbABzAAAAAAA6AA0AAQBGAGkAbABlAFYAZQByAHMAaQBvAG4AAAAAADQALgA2AC4AMgA3ADMAMgA4AC4AMAAzAAAAAABaAB0AAQBJAG4AdABlAHIAbgBhAGwATgBhAG0AZQAAAFMAeQBzAHQAZQBtAC4ARABpAGEAZwBuAG8AcwB0AGkAYwBzAC4AVABvAG8AbABzAC4AZABsAGwAAAAAAIAALgABAEwAZQBnAGEAbABDAG8AcAB5AHIAaQBnAGgAdAAAAKkAIABNAGkAYwByAG8AcwBvAGYAdAAgAEMAbwByAHAAbwByAGEAdABpAG8AbgAuACAAQQBsAGwAIAByAGkAZwBoAHQAcwAgAHIAZQBzAGUAcgB2AGUAZAAuAAAAYgAdAAEATwByAGkAZwBpAG4AYQBsAEYAaQBsAGUAbgBhAG0AZQAAAFMAeQBzAHQAZQBtAC4ARABpAGEAZwBuAG8AcwB0AGkAYwBzAC4AVABvAG8AbABzAC4AZABsAGwAAAAAAFQAGgABAFAAcgBvAGQAdQBjAHQATgBhAG0AZQAAAAAATQBpAGMAcgBvAHMAbwBmAHQArgAgAC4ATgBFAFQAIABGAHIAYQBtAGUAdwBvAHIAawAAAGoBowABAFAAcgBvAGQAdQBjAHQAVgBlAHIAcwBpAG8AbgAAADQALgA2AC4AMgA3ADMAMgA4AC4AMAAzACAAQABCAHUAaQBsAHQAQgB5ADoAIABkAGwAYQBiADEANAAtAEQARABWAFMATwBXAEkATgBBAEcARQAwADcAOAAgAEAAQgByAGEAbgBjAGgAOgAgAHIAZQBsAGUAYQBzAGUALwB1AHcAcAA2AC4AMgAtAE0AUwBSAEMAIABAAFMAcgBjAEMAbwBkAGUAOgAgAGgAdAB0AHAAcwA6AC8ALwBnAGkAdABoAHUAYgAuAGMAbwBtAC8AZABvAHQAbgBlAHQALwBjAG8AcgBlAGYAeAAvAHQAcgBlAGUALwA5ADIAZgA0AGYAMAAwADAAZABlADEANwBlADAAYgA4ADIAZQAwAGEAZAA2ADMANwBhAGMANAA3ADgAYQBiAGMAOQBiADQAMQAwAGQAYQBhAAAAAAA4AAgAAQBBAHMAcwBlAG0AYgBsAHkAIABWAGUAcgBzAGkAbwBuAAAANAAuADEALgAxAC4AMAAAAA==","PDBNotPresent","","v4.0.30319"
"System.Collections, Version=4.1.1.0, Culture=neutral, PublicKeyToken=b03f5f7f11d50a3a","","1548716607","FAU0AAAAVgBTAF8AVgBFAFIAUwBJAE8ATgBfAEkATgBGAE8AAAAAAL0E7/4AAAEABgAEAAMAwGoAAAAAAAAAAD8AAAAAAAAABAAAAAIAAAAAAAAAAAAAAAAAAABEAAAAAQBWAGEAcgBGAGkAbABlAEkAbgBmAG8AAAAAACQABAAAAFQAcgBhAG4AcwBsAGEAdABpAG8AbgAAAAAAAACwBHQEAAABAFMAdAByAGkAbgBnAEYAaQBsAGUASQBuAGYAbwAAAFAEAAABADAAMAAwADAAMAA0AGIAMAAAAD4AEwABAEMAbwBtAG0AZQBuAHQAcwAAAFMAeQBzAHQAZQBtAC4AQwBvAGwAbABlAGMAdABpAG8AbgBzAAAAAABMABYAAQBDAG8AbQBwAGEAbgB5AE4AYQBtAGUAAAAAAE0AaQBjAHIAbwBzAG8AZgB0ACAAQwBvAHIAcABvAHIAYQB0AGkAbwBuAAAATgATAAEARgBpAGwAZQBEAGUAcwBjAHIAaQBwAHQAaQBvAG4AAAAAAFMAeQBzAHQAZQBtAC4AQwBvAGwAbABlAGMAdABpAG8AbgBzAAAAAAA6AA0AAQBGAGkAbABlAFYAZQByAHMAaQBvAG4AAAAAADQALgA2AC4AMgA3ADMAMgA4AC4AMAAzAAAAAABOABcAAQBJAG4AdABlAHIAbgBhAGwATgBhAG0AZQAAAFMAeQBzAHQAZQBtAC4AQwBvAGwAbABlAGMAdABpAG8AbgBzAC4AZABsAGwAAAAAAIAALgABAEwAZQBnAGEAbABDAG8AcAB5AHIAaQBnAGgAdAAAAKkAIABNAGkAYwByAG8AcwBvAGYAdAAgAEMAbwByAHAAbwByAGEAdABpAG8AbgAuACAAQQBsAGwAIAByAGkAZwBoAHQAcwAgAHIAZQBzAGUAcgB2AGUAZAAuAAAAVgAXAAEATwByAGkAZwBpAG4AYQBsAEYAaQBsAGUAbgBhAG0AZQAAAFMAeQBzAHQAZQBtAC4AQwBvAGwAbABlAGMAdABpAG8AbgBzAC4AZABsAGwAAAAAAFQAGgABAFAAcgBvAGQAdQBjAHQATgBhAG0AZQAAAAAATQBpAGMAcgBvAHMAbwBmAHQArgAgAC4ATgBFAFQAIABGAHIAYQBtAGUAdwBvAHIAawAAAGoBowABAFAAcgBvAGQAdQBjAHQAVgBlAHIAcwBpAG8AbgAAADQALgA2AC4AMgA3ADMAMgA4AC4AMAAzACAAQABCAHUAaQBsAHQAQgB5ADoAIABkAGwAYQBiADEANAAtAEQARABWAFMATwBXAEkATgBBAEcARQAwADcAOAAgAEAAQgByAGEAbgBjAGgAOgAgAHIAZQBsAGUAYQBzAGUALwB1AHcAcAA2AC4AMgAtAE0AUwBSAEMAIABAAFMAcgBjAEMAbwBkAGUAOgAgAGgAdAB0AHAAcwA6AC8ALwBnAGkAdABoAHUAYgAuAGMAbwBtAC8AZABvAHQAbgBlAHQALwBjAG8AcgBlAGYAeAAvAHQAcgBlAGUALwA5ADIAZgA0AGYAMAAwADAAZABlADEANwBlADAAYgA4ADIAZQAwAGEAZAA2ADMANwBhAGMANAA3ADgAYQBiAGMAOQBiADQAMQAwAGQAYQBhAAAAAAA4AAgAAQBBAHMAcwBlAG0AYgBsAHkAIABWAGUAcgBzAGkAbwBuAAAANAAuADEALgAxAC4AMAAAAA==","PDBNotPresent","","v4.0.30319"
"System.Collections.Concurrent, Version=4.0.14.0, Culture=neutral, PublicKeyToken=b03f5f7f11d50a3a","","1548716619","ZgU0AAAAVgBTAF8AVgBFAFIAUwBJAE8ATgBfAEkATgBGAE8AAAAAAL0E7/4AAAEABgAEAAMAwGoAAAAAAAAAAD8AAAAAAAAABAAAAAIAAAAAAAAAAAAAAAAAAABEAAAAAQBWAGEAcgBGAGkAbABlAEkAbgBmAG8AAAAAACQABAAAAFQAcgBhAG4AcwBsAGEAdABpAG8AbgAAAAAAAACwBMYEAAABAFMAdAByAGkAbgBnAEYAaQBsAGUASQBuAGYAbwAAAKIEAAABADAAMAAwADAAMAA0AGIAMAAAAFQAHgABAEMAbwBtAG0AZQBuAHQAcwAAAFMAeQBzAHQAZQBtAC4AQwBvAGwAbABlAGMAdABpAG8AbgBzAC4AQwBvAG4AYwB1AHIAcgBlAG4AdAAAAEwAFgABAEMAbwBtAHAAYQBuAHkATgBhAG0AZQAAAAAATQBpAGMAcgBvAHMAbwBmAHQAIABDAG8AcgBwAG8AcgBhAHQAaQBvAG4AAABkAB4AAQBGAGkAbABlAEQAZQBzAGMAcgBpAHAAdABpAG8AbgAAAAAAUwB5AHMAdABlAG0ALgBDAG8AbABsAGUAYwB0AGkAbwBuAHMALgBDAG8AbgBjAHUAcgByAGUAbgB0AAAAOgANAAEARgBpAGwAZQBWAGUAcgBzAGkAbwBuAAAAAAA0AC4ANgAuADIANwAzADIAOAAuADAAMwAAAAAAZAAiAAEASQBuAHQAZQByAG4AYQBsAE4AYQBtAGUAAABTAHkAcwB0AGUAbQAuAEMAbwBsAGwAZQBjAHQAaQBvAG4AcwAuAEMAbwBuAGMAdQByAHIAZQBuAHQALgBkAGwAbAAAAIAALgABAEwAZQBnAGEAbABDAG8AcAB5AHIAaQBnAGgAdAAAAKkAIABNAGkAYwByAG8AcwBvAGYAdAAgAEMAbwByAHAAbwByAGEAdABpAG8AbgAuACAAQQBsAGwAIAByAGkAZwBoAHQAcwAgAHIAZQBzAGUAcgB2AGUAZAAuAAAAbAAiAAEATwByAGkAZwBpAG4AYQBsAEYAaQBsAGUAbgBhAG0AZQAAAFMAeQBzAHQAZQBtAC4AQwBvAGwAbABlAGMAdABpAG8AbgBzAC4AQwBvAG4AYwB1AHIAcgBlAG4AdAAuAGQAbABsAAAAVAAaAAEAUAByAG8AZAB1AGMAdABOAGEAbQBlAAAAAABNAGkAYwByAG8AcwBvAGYAdACuACAALgBOAEUAVAAgAEYAcgBhAG0AZQB3AG8AcgBrAAAAagGjAAEAUAByAG8AZAB1AGMAdABWAGUAcgBzAGkAbwBuAAAANAAuADYALgAyADcAMwAyADgALgAwADMAIABAAEIAdQBpAGwAdABCAHkAOgAgAGQAbABhAGIAMQA0AC0ARABEAFYAUwBPAFcASQBOAEEARwBFADAANwA4ACAAQABCAHIAYQBuAGMAaAA6ACAAcgBlAGwAZQBhAHMAZQAvAHUAdwBwADYALgAyAC0ATQBTAFIAQwAgAEAAUwByAGMAQwBvAGQAZQA6ACAAaAB0AHQAcABzADoALwAvAGcAaQB0AGgAdQBiAC4AYwBvAG0ALwBkAG8AdABuAGUAdAAvAGMAbwByAGUAZgB4AC8AdAByAGUAZQAvADkAMgBmADQAZgAwADAAMABkAGUAMQA3AGUAMABiADgAMgBlADAAYQBkADYAMwA3AGEAYwA0ADcAOABhAGIAYwA5AGIANAAxADAAZABhAGEAAAAAADoACQABAEEAcwBzAGUAbQBiAGwAeQAgAFYAZQByAHMAaQBvAG4AAAA0AC4AMAAuADEANAAuADAAAAA=","PDBNotPresent","","v4.0.30319"
"System.Diagnostics.Tracing, Version=4.2.1.0, Culture=neutral, PublicKeyToken=b03f5f7f11d50a3a","","1548716598","VAU0AAAAVgBTAF8AVgBFAFIAUwBJAE8ATgBfAEkATgBGAE8AAAAAAL0E7/4AAAEABgAEAAMAwGoAAAAAAAAAAD8AAAAAAAAABAAAAAIAAAAAAAAAAAAAAAAAAABEAAAAAQBWAGEAcgBGAGkAbABlAEkAbgBmAG8AAAAAACQABAAAAFQAcgBhAG4AcwBsAGEAdABpAG8AbgAAAAAAAACwBLQEAAABAFMAdAByAGkAbgBnAEYAaQBsAGUASQBuAGYAbwAAAJAEAAABADAAMAAwADAAMAA0AGIAMAAAAE4AGwABAEMAbwBtAG0AZQBuAHQAcwAAAFMAeQBzAHQAZQBtAC4ARABpAGEAZwBuAG8AcwB0AGkAYwBzAC4AVAByAGEAYwBpAG4AZwAAAAAATAAWAAEAQwBvAG0AcABhAG4AeQBOAGEAbQBlAAAAAABNAGkAYwByAG8AcwBvAGYAdAAgAEMAbwByAHAAbwByAGEAdABpAG8AbgAAAF4AGwABAEYAaQBsAGUARABlAHMAYwByAGkAcAB0AGkAbwBuAAAAAABTAHkAcwB0AGUAbQAuAEQAaQBhAGcAbgBvAHMAdABpAGMAcwAuAFQAcgBhAGMAaQBuAGcAAAAAADoADQABAEYAaQBsAGUAVgBlAHIAcwBpAG8AbgAAAAAANAAuADYALgAyADcAMwAyADgALgAwADMAAAAAAF4AHwABAEkAbgB0AGUAcgBuAGEAbABOAGEAbQBlAAAAUwB5AHMAdABlAG0ALgBEAGkAYQBnAG4AbwBzAHQAaQBjAHMALgBUAHIAYQBjAGkAbgBnAC4AZABsAGwAAAAAAIAALgABAEwAZQBnAGEAbABDAG8AcAB5AHIAaQBnAGgAdAAAAKkAIABNAGkAYwByAG8AcwBvAGYAdAAgAEMAbwByAHAAbwByAGEAdABpAG8AbgAuACAAQQBsAGwAIAByAGkAZwBoAHQAcwAgAHIAZQBzAGUAcgB2AGUAZAAuAAAAZgAfAAEATwByAGkAZwBpAG4AYQBsAEYAaQBsAGUAbgBhAG0AZQAAAFMAeQBzAHQAZQBtAC4ARABpAGEAZwBuAG8AcwB0AGkAYwBzAC4AVAByAGEAYwBpAG4AZwAuAGQAbABsAAAAAABUABoAAQBQAHIAbwBkAHUAYwB0AE4AYQBtAGUAAAAAAE0AaQBjAHIAbwBzAG8AZgB0AK4AIAAuAE4ARQBUACAARgByAGEAbQBlAHcAbwByAGsAAABqAaMAAQBQAHIAbwBkAHUAYwB0AFYAZQByAHMAaQBvAG4AAAA0AC4ANgAuADIANwAzADIAOAAuADAAMwAgAEAAQgB1AGkAbAB0AEIAeQA6ACAAZABsAGEAYgAxADQALQBEAEQAVgBTAE8AVwBJAE4AQQBHAEUAMAA3ADgAIABAAEIAcgBhAG4AYwBoADoAIAByAGUAbABlAGEAcwBlAC8AdQB3AHAANgAuADIALQBNAFMAUgBDACAAQABTAHIAYwBDAG8AZABlADoAIABoAHQAdABwAHMAOgAvAC8AZwBpAHQAaAB1AGIALgBjAG8AbQAvAGQAbwB0AG4AZQB0AC8AYwBvAHIAZQBmAHgALwB0AHIAZQBlAC8AOQAyAGYANABmADAAMAAwAGQAZQAxADcAZQAwAGIAOAAyAGUAMABhAGQANgAzADcAYQBjADQANwA4AGEAYgBjADkAYgA0ADEAMABkAGEAYQAAAAAAOAAIAAEAQQBzAHMAZQBtAGIAbAB5ACAAVgBlAHIAcwBpAG8AbgAAADQALgAyAC4AMQAuADAAAAA=","PDBNotPresent","","v4.0.30319"
"System.Linq, Version=4.2.1.0, Culture=neutral, PublicKeyToken=b03f5f7f11d50a3a","","1548716611","1AQ0AAAAVgBTAF8AVgBFAFIAUwBJAE8ATgBfAEkATgBGAE8AAAAAAL0E7/4AAAEABgAEAAMAwGoAAAAAAAAAAD8AAAAAAAAABAAAAAIAAAAAAAAAAAAAAAAAAABEAAAAAQBWAGEAcgBGAGkAbABlAEkAbgBmAG8AAAAAACQABAAAAFQAcgBhAG4AcwBsAGEAdABpAG8AbgAAAAAAAACwBDQEAAABAFMAdAByAGkAbgBnAEYAaQBsAGUASQBuAGYAbwAAABAEAAABADAAMAAwADAAMAA0AGIAMAAAADAADAABAEMAbwBtAG0AZQBuAHQAcwAAAFMAeQBzAHQAZQBtAC4ATABpAG4AcQAAAEwAFgABAEMAbwBtAHAAYQBuAHkATgBhAG0AZQAAAAAATQBpAGMAcgBvAHMAbwBmAHQAIABDAG8AcgBwAG8AcgBhAHQAaQBvAG4AAABAAAwAAQBGAGkAbABlAEQAZQBzAGMAcgBpAHAAdABpAG8AbgAAAAAAUwB5AHMAdABlAG0ALgBMAGkAbgBxAAAAOgANAAEARgBpAGwAZQBWAGUAcgBzAGkAbwBuAAAAAAA0AC4ANgAuADIANwAzADIAOAAuADAAMwAAAAAAQAAQAAEASQBuAHQAZQByAG4AYQBsAE4AYQBtAGUAAABTAHkAcwB0AGUAbQAuAEwAaQBuAHEALgBkAGwAbAAAAIAALgABAEwAZQBnAGEAbABDAG8AcAB5AHIAaQBnAGgAdAAAAKkAIABNAGkAYwByAG8AcwBvAGYAdAAgAEMAbwByAHAAbwByAGEAdABpAG8AbgAuACAAQQBsAGwAIAByAGkAZwBoAHQAcwAgAHIAZQBzAGUAcgB2AGUAZAAuAAAASAAQAAEATwByAGkAZwBpAG4AYQBsAEYAaQBsAGUAbgBhAG0AZQAAAFMAeQBzAHQAZQBtAC4ATABpAG4AcQAuAGQAbABsAAAAVAAaAAEAUAByAG8AZAB1AGMAdABOAGEAbQBlAAAAAABNAGkAYwByAG8AcwBvAGYAdACuACAALgBOAEUAVAAgAEYAcgBhAG0AZQB3AG8AcgBrAAAAagGjAAEAUAByAG8AZAB1AGMAdABWAGUAcgBzAGkAbwBuAAAANAAuADYALgAyADcAMwAyADgALgAwADMAIABAAEIAdQBpAGwAdABCAHkAOgAgAGQAbABhAGIAMQA0AC0ARABEAFYAUwBPAFcASQBOAEEARwBFADAANwA4ACAAQABCAHIAYQBuAGMAaAA6ACAAcgBlAGwAZQBhAHMAZQAvAHUAdwBwADYALgAyAC0ATQBTAFIAQwAgAEAAUwByAGMAQwBvAGQAZQA6ACAAaAB0AHQAcABzADoALwAvAGcAaQB0AGgAdQBiAC4AYwBvAG0ALwBkAG8AdABuAGUAdAAvAGMAbwByAGUAZgB4AC8AdAByAGUAZQAvADkAMgBmADQAZgAwADAAMABkAGUAMQA3AGUAMABiADgAMgBlADAAYQBkADYAMwA3AGEAYwA0ADcAOABhAGIAYwA5AGIANAAxADAAZABhAGEAAAAAADgACAABAEEAcwBzAGUAbQBiAGwAeQAgAFYAZQByAHMAaQBvAG4AAAA0AC4AMgAuADEALgAwAAAA","PDBPresent","","v4.0.30319"
"System.Linq.Expressions, Version=4.2.1.0, Culture=neutral, PublicKeyToken=b03f5f7f11d50a3a","","1548716617","NAU0AAAAVgBTAF8AVgBFAFIAUwBJAE8ATgBfAEkATgBGAE8AAAAAAL0E7/4AAAEABgAEAAMAwGoAAAAAAAAAAD8AAAAAAAAABAAAAAIAAAAAAAAAAAAAAAAAAABEAAAAAQBWAGEAcgBGAGkAbABlAEkAbgBmAG8AAAAAACQABAAAAFQAcgBhAG4AcwBsAGEAdABpAG8AbgAAAAAAAACwBJQEAAABAFMAdAByAGkAbgBnAEYAaQBsAGUASQBuAGYAbwAAAHAEAAABADAAMAAwADAAMAA0AGIAMAAAAEgAGAABAEMAbwBtAG0AZQBuAHQAcwAAAFMAeQBzAHQAZQBtAC4ATABpAG4AcQAuAEUAeABwAHIAZQBzAHMAaQBvAG4AcwAAAEwAFgABAEMAbwBtAHAAYQBuAHkATgBhAG0AZQAAAAAATQBpAGMAcgBvAHMAbwBmAHQAIABDAG8AcgBwAG8AcgBhAHQAaQBvAG4AAABYABgAAQBGAGkAbABlAEQAZQBzAGMAcgBpAHAAdABpAG8AbgAAAAAAUwB5AHMAdABlAG0ALgBMAGkAbgBxAC4ARQB4AHAAcgBlAHMAcwBpAG8AbgBzAAAAOgANAAEARgBpAGwAZQBWAGUAcgBzAGkAbwBuAAAAAAA0AC4ANgAuADIANwAzADIAOAAuADAAMwAAAAAAWAAcAAEASQBuAHQAZQByAG4AYQBsAE4AYQBtAGUAAABTAHkAcwB0AGUAbQAuAEwAaQBuAHEALgBFAHgAcAByAGUAcwBzAGkAbwBuAHMALgBkAGwAbAAAAIAALgABAEwAZQBnAGEAbABDAG8AcAB5AHIAaQBnAGgAdAAAAKkAIABNAGkAYwByAG8AcwBvAGYAdAAgAEMAbwByAHAAbwByAGEAdABpAG8AbgAuACAAQQBsAGwAIAByAGkAZwBoAHQAcwAgAHIAZQBzAGUAcgB2AGUAZAAuAAAAYAAcAAEATwByAGkAZwBpAG4AYQBsAEYAaQBsAGUAbgBhAG0AZQAAAFMAeQBzAHQAZQBtAC4ATABpAG4AcQAuAEUAeABwAHIAZQBzAHMAaQBvAG4AcwAuAGQAbABsAAAAVAAaAAEAUAByAG8AZAB1AGMAdABOAGEAbQBlAAAAAABNAGkAYwByAG8AcwBvAGYAdACuACAALgBOAEUAVAAgAEYAcgBhAG0AZQB3AG8AcgBrAAAAagGjAAEAUAByAG8AZAB1AGMAdABWAGUAcgBzAGkAbwBuAAAANAAuADYALgAyADcAMwAyADgALgAwADMAIABAAEIAdQBpAGwAdABCAHkAOgAgAGQAbABhAGIAMQA0AC0ARABEAFYAUwBPAFcASQBOAEEARwBFADAANwA4ACAAQABCAHIAYQBuAGMAaAA6ACAAcgBlAGwAZQBhAHMAZQAvAHUAdwBwADYALgAyAC0ATQBTAFIAQwAgAEAAUwByAGMAQwBvAGQAZQA6ACAAaAB0AHQAcABzADoALwAvAGcAaQB0AGgAdQBiAC4AYwBvAG0ALwBkAG8AdABuAGUAdAAvAGMAbwByAGUAZgB4AC8AdAByAGUAZQAvADkAMgBmADQAZgAwADAAMABkAGUAMQA3AGUAMABiADgAMgBlADAAYQBkADYAMwA3AGEAYwA0ADcAOABhAGIAYwA5AGIANAAxADAAZABhAGEAAAAAADgACAABAEEAcwBzAGUAbQBiAGwAeQAgAFYAZQByAHMAaQBvAG4AAAA0AC4AMgAuADEALgAwAAAA","PDBPresent","","v4.0.30319"
"System.Memory, Version=4.1.0.0, Culture=neutral, PublicKeyToken=cc7b13ffcd2ddd51","","1548716654","5AQ0AAAAVgBTAF8AVgBFAFIAUwBJAE8ATgBfAEkATgBGAE8AAAAAAL0E7/4AAAEABgAEAAMAwGoAAAAAAAAAAD8AAAAAAAAABAAAAAIAAAAAAAAAAAAAAAAAAABEAAAAAQBWAGEAcgBGAGkAbABlAEkAbgBmAG8AAAAAACQABAAAAFQAcgBhAG4AcwBsAGEAdABpAG8AbgAAAAAAAACwBEQEAAABAFMAdAByAGkAbgBnAEYAaQBsAGUASQBuAGYAbwAAACAEAAABADAAMAAwADAAMAA0AGIAMAAAADQADgABAEMAbwBtAG0AZQBuAHQAcwAAAFMAeQBzAHQAZQBtAC4ATQBlAG0AbwByAHkAAABMABYAAQBDAG8AbQBwAGEAbgB5AE4AYQBtAGUAAAAAAE0AaQBjAHIAbwBzAG8AZgB0ACAAQwBvAHIAcABvAHIAYQB0AGkAbwBuAAAARAAOAAEARgBpAGwAZQBEAGUAcwBjAHIAaQBwAHQAaQBvAG4AAAAAAFMAeQBzAHQAZQBtAC4ATQBlAG0AbwByAHkAAAA6AA0AAQBGAGkAbABlAFYAZQByAHMAaQBvAG4AAAAAADQALgA2AC4AMgA3ADMAMgA4AC4AMAAzAAAAAABEABIAAQBJAG4AdABlAHIAbgBhAGwATgBhAG0AZQAAAFMAeQBzAHQAZQBtAC4ATQBlAG0AbwByAHkALgBkAGwAbAAAAIAALgABAEwAZQBnAGEAbABDAG8AcAB5AHIAaQBnAGgAdAAAAKkAIABNAGkAYwByAG8AcwBvAGYAdAAgAEMAbwByAHAAbwByAGEAdABpAG8AbgAuACAAQQBsAGwAIAByAGkAZwBoAHQAcwAgAHIAZQBzAGUAcgB2AGUAZAAuAAAATAASAAEATwByAGkAZwBpAG4AYQBsAEYAaQBsAGUAbgBhAG0AZQAAAFMAeQBzAHQAZQBtAC4ATQBlAG0AbwByAHkALgBkAGwAbAAAAFQAGgABAFAAcgBvAGQAdQBjAHQATgBhAG0AZQAAAAAATQBpAGMAcgBvAHMAbwBmAHQArgAgAC4ATgBFAFQAIABGAHIAYQBtAGUAdwBvAHIAawAAAGoBowABAFAAcgBvAGQAdQBjAHQAVgBlAHIAcwBpAG8AbgAAADQALgA2AC4AMgA3ADMAMgA4AC4AMAAzACAAQABCAHUAaQBsAHQAQgB5ADoAIABkAGwAYQBiADEANAAtAEQARABWAFMATwBXAEkATgBBAEcARQAwADcAOAAgAEAAQgByAGEAbgBjAGgAOgAgAHIAZQBsAGUAYQBzAGUALwB1AHcAcAA2AC4AMgAtAE0AUwBSAEMAIABAAFMAcgBjAEMAbwBkAGUAOgAgAGgAdAB0AHAAcwA6AC8ALwBnAGkAdABoAHUAYgAuAGMAbwBtAC8AZABvAHQAbgBlAHQALwBjAG8AcgBlAGYAeAAvAHQAcgBlAGUALwA5ADIAZgA0AGYAMAAwADAAZABlADEANwBlADAAYgA4ADIAZQAwAGEAZAA2ADMANwBhAGMANAA3ADgAYQBiAGMAOQBiADQAMQAwAGQAYQBhAAAAAAA4AAgAAQBBAHMAcwBlAG0AYgBsAHkAIABWAGUAcgBzAGkAbwBuAAAANAAuADEALgAwAC4AMAAAAA==","PDBNotPresent","","v4.0.30319"
"System.Private.Interop, Version=999.999.999.999, Culture=neutral, PublicKeyToken=b03f5f7f11d50a3a","","1549389075","cAQ0AAAAVgBTAF8AVgBFAFIAUwBJAE8ATgBfAEkATgBGAE8AAAAAAL0E7/4AAAEABgAEAAAACWsAAAAAAAAAAD8AAAAAAAAABAAAAAIAAAAAAAAAAAAAAAAAAABEAAAAAQBWAGEAcgBGAGkAbABlAEkAbgBmAG8AAAAAACQABAAAAFQAcgBhAG4AcwBsAGEAdABpAG8AbgAAAAAAAACwBNADAAABAFMAdAByAGkAbgBnAEYAaQBsAGUASQBuAGYAbwAAAKwDAAABADAAMAAwADAAMAA0AGIAMAAAAEYAFwABAEMAbwBtAG0AZQBuAHQAcwAAAFMAeQBzAHQAZQBtAC4AUAByAGkAdgBhAHQAZQAuAEkAbgB0AGUAcgBvAHAAAAAAAEwAFgABAEMAbwBtAHAAYQBuAHkATgBhAG0AZQAAAAAATQBpAGMAcgBvAHMAbwBmAHQAIABDAG8AcgBwAG8AcgBhAHQAaQBvAG4AAABWABcAAQBGAGkAbABlAEQAZQBzAGMAcgBpAHAAdABpAG8AbgAAAAAAUwB5AHMAdABlAG0ALgBQAHIAaQB2AGEAdABlAC4ASQBuAHQAZQByAG8AcAAAAAAAOAAMAAEARgBpAGwAZQBWAGUAcgBzAGkAbwBuAAAAAAA0AC4ANgAuADIANwA0ADAAMQAuADAAAABWABsAAQBJAG4AdABlAHIAbgBhAGwATgBhAG0AZQAAAFMAeQBzAHQAZQBtAC4AUAByAGkAdgBhAHQAZQAuAEkAbgB0AGUAcgBvAHAALgBkAGwAbAAAAAAAggAvAAEATABlAGcAYQBsAEMAbwBwAHkAcgBpAGcAaAB0AAAAqQAgAE0AaQBjAHIAbwBzAG8AZgB0ACAAQwBvAHIAcABvAHIAYQB0AGkAbwBuAC4AIAAgAEEAbABsACAAcgBpAGcAaAB0AHMAIAByAGUAcwBlAHIAdgBlAGQALgAAAAAAXgAbAAEATwByAGkAZwBpAG4AYQBsAEYAaQBsAGUAbgBhAG0AZQAAAFMAeQBzAHQAZQBtAC4AUAByAGkAdgBhAHQAZQAuAEkAbgB0AGUAcgBvAHAALgBkAGwAbAAAAAAAVAAaAAEAUAByAG8AZAB1AGMAdABOAGEAbQBlAAAAAABNAGkAYwByAG8AcwBvAGYAdACuACAALgBOAEUAVAAgAEYAcgBhAG0AZQB3AG8AcgBrAAAAlgA5AAEAUAByAG8AZAB1AGMAdABWAGUAcgBzAGkAbwBuAAAANAAuADYALgAyADcANAAwADEALgAwACAAYgB1AGkAbAB0ACAAYgB5ADoAIABkAGwAYQBiADEANAAtAEQARABCAEwARAAyADAAMABDAC4AIABDAG8AbQBtAGkAdAAgAEgAYQBzAGgAOgAgAE4ALwBBAAAAAABIABAAAQBBAHMAcwBlAG0AYgBsAHkAIABWAGUAcgBzAGkAbwBuAAAAOQA5ADkALgA5ADkAOQAuADkAOQA5AC4AOQA5ADkAAAA=","PDBPresent","","v4.0.30319"
"System.Private.Reflection.Core, Version=4.0.0.0, Culture=neutral, PublicKeyToken=b03f5f7f11d50a3a","","1549389077","pAQ0AAAAVgBTAF8AVgBFAFIAUwBJAE8ATgBfAEkATgBGAE8AAAAAAL0E7/4AAAEABgAEAAAADWsAAAAAAAAAAD8AAAAAAAAABAAAAAIAAAAAAAAAAAAAAAAAAABEAAAAAQBWAGEAcgBGAGkAbABlAEkAbgBmAG8AAAAAACQABAAAAFQAcgBhAG4AcwBsAGEAdABpAG8AbgAAAAAAAACwBAQEAAABAFMAdAByAGkAbgBnAEYAaQBsAGUASQBuAGYAbwAAAOADAAABADAAMAAwADAAMAA0AGIAMAAAAFYAHwABAEMAbwBtAG0AZQBuAHQAcwAAAFMAeQBzAHQAZQBtAC4AUAByAGkAdgBhAHQAZQAuAFIAZQBmAGwAZQBjAHQAaQBvAG4ALgBDAG8AcgBlAAAAAABMABYAAQBDAG8AbQBwAGEAbgB5AE4AYQBtAGUAAAAAAE0AaQBjAHIAbwBzAG8AZgB0ACAAQwBvAHIAcABvAHIAYQB0AGkAbwBuAAAAZgAfAAEARgBpAGwAZQBEAGUAcwBjAHIAaQBwAHQAaQBvAG4AAAAAAFMAeQBzAHQAZQBtAC4AUAByAGkAdgBhAHQAZQAuAFIAZQBmAGwAZQBjAHQAaQBvAG4ALgBDAG8AcgBlAAAAAAA6AA0AAQBGAGkAbABlAFYAZQByAHMAaQBvAG4AAAAAADQALgA2AC4AMgA3ADQAMAA1AC4AMAAwAAAAAABmACMAAQBJAG4AdABlAHIAbgBhAGwATgBhAG0AZQAAAFMAeQBzAHQAZQBtAC4AUAByAGkAdgBhAHQAZQAuAFIAZQBmAGwAZQBjAHQAaQBvAG4ALgBDAG8AcgBlAC4AZABsAGwAAAAAAIIALwABAEwAZQBnAGEAbABDAG8AcAB5AHIAaQBnAGgAdAAAAKkAIABNAGkAYwByAG8AcwBvAGYAdAAgAEMAbwByAHAAbwByAGEAdABpAG8AbgAuACAAIABBAGwAbAAgAHIAaQBnAGgAdABzACAAcgBlAHMAZQByAHYAZQBkAC4AAAAAAG4AIwABAE8AcgBpAGcAaQBuAGEAbABGAGkAbABlAG4AYQBtAGUAAABTAHkAcwB0AGUAbQAuAFAAcgBpAHYAYQB0AGUALgBSAGUAZgBsAGUAYwB0AGkAbwBuAC4AQwBvAHIAZQAuAGQAbABsAAAAAABUABoAAQBQAHIAbwBkAHUAYwB0AE4AYQBtAGUAAAAAAE0AaQBjAHIAbwBzAG8AZgB0AK4AIAAuAE4ARQBUACAARgByAGEAbQBlAHcAbwByAGsAAACYADoAAQBQAHIAbwBkAHUAYwB0AFYAZQByAHMAaQBvAG4AAAA0AC4ANgAuADIANwA0ADAANQAuADAAMAAgAGIAdQBpAGwAdAAgAGIAeQA6ACAAZABsAGEAYgAxADQALQBEAEQAQgBMAEQAMgAwADAAQwAuACAAQwBvAG0AbQBpAHQAIABIAGEAcwBoADoAIABOAC8AQQAAADgACAABAEEAcwBzAGUAbQBiAGwAeQAgAFYAZQByAHMAaQBvAG4AAAA0AC4AMAAuADAALgAwAAAA","PDBPresent","","v4.0.30319"
"System.Private.Reflection.Metadata, Version=4.0.0.0, Culture=neutral, PublicKeyToken=b03f5f7f11d50a3a","","1549389068","xAQ0AAAAVgBTAF8AVgBFAFIAUwBJAE8ATgBfAEkATgBGAE8AAAAAAL0E7/4AAAEABgAEAAAADWsAAAAAAAAAAD8AAAAAAAAABAAAAAIAAAAAAAAAAAAAAAAAAABEAAAAAQBWAGEAcgBGAGkAbABlAEkAbgBmAG8AAAAAACQABAAAAFQAcgBhAG4AcwBsAGEAdABpAG8AbgAAAAAAAACwBCQEAAABAFMAdAByAGkAbgBnAEYAaQBsAGUASQBuAGYAbwAAAAAEAAABADAAMAAwADAAMAA0AGIAMAAAAF4AIwABAEMAbwBtAG0AZQBuAHQAcwAAAFMAeQBzAHQAZQBtAC4AUAByAGkAdgBhAHQAZQAuAFIAZQBmAGwAZQBjAHQAaQBvAG4ALgBNAGUAdABhAGQAYQB0AGEAAAAAAEwAFgABAEMAbwBtAHAAYQBuAHkATgBhAG0AZQAAAAAATQBpAGMAcgBvAHMAbwBmAHQAIABDAG8AcgBwAG8AcgBhAHQAaQBvAG4AAABuACMAAQBGAGkAbABlAEQAZQBzAGMAcgBpAHAAdABpAG8AbgAAAAAAUwB5AHMAdABlAG0ALgBQAHIAaQB2AGEAdABlAC4AUgBlAGYAbABlAGMAdABpAG8AbgAuAE0AZQB0AGEAZABhAHQAYQAAAAAAOgANAAEARgBpAGwAZQBWAGUAcgBzAGkAbwBuAAAAAAA0AC4ANgAuADIANwA0ADAANQAuADAAMAAAAAAAbgAnAAEASQBuAHQAZQByAG4AYQBsAE4AYQBtAGUAAABTAHkAcwB0AGUAbQAuAFAAcgBpAHYAYQB0AGUALgBSAGUAZgBsAGUAYwB0AGkAbwBuAC4ATQBlAHQAYQBkAGEAdABhAC4AZABsAGwAAAAAAIIALwABAEwAZQBnAGEAbABDAG8AcAB5AHIAaQBnAGgAdAAAAKkAIABNAGkAYwByAG8AcwBvAGYAdAAgAEMAbwByAHAAbwByAGEAdABpAG8AbgAuACAAIABBAGwAbAAgAHIAaQBnAGgAdABzACAAcgBlAHMAZQByAHYAZQBkAC4AAAAAAHYAJwABAE8AcgBpAGcAaQBuAGEAbABGAGkAbABlAG4AYQBtAGUAAABTAHkAcwB0AGUAbQAuAFAAcgBpAHYAYQB0AGUALgBSAGUAZgBsAGUAYwB0AGkAbwBuAC4ATQBlAHQAYQBkAGEAdABhAC4AZABsAGwAAAAAAFQAGgABAFAAcgBvAGQAdQBjAHQATgBhAG0AZQAAAAAATQBpAGMAcgBvAHMAbwBmAHQArgAgAC4ATgBFAFQAIABGAHIAYQBtAGUAdwBvAHIAawAAAJgAOgABAFAAcgBvAGQAdQBjAHQAVgBlAHIAcwBpAG8AbgAAADQALgA2AC4AMgA3ADQAMAA1AC4AMAAwACAAYgB1AGkAbAB0ACAAYgB5ADoAIABkAGwAYQBiADEANAAtAEQARABCAEwARAAyADAAMABDAC4AIABDAG8AbQBtAGkAdAAgAEgAYQBzAGgAOgAgAE4ALwBBAAAAOAAIAAEAQQBzAHMAZQBtAGIAbAB5ACAAVgBlAHIAcwBpAG8AbgAAADQALgAwAC4AMAAuADAAAAA=","PDBPresent","","v4.0.30319"
"System.Private.Threading, Version=4.0.0.0, Culture=neutral, PublicKeyToken=b03f5f7f11d50a3a","","1549389069","dAQ0AAAAVgBTAF8AVgBFAFIAUwBJAE8ATgBfAEkATgBGAE8AAAAAAL0E7/4AAAEABgAEAAAADWsAAAAAAAAAAD8AAAAAAAAABAAAAAIAAAAAAAAAAAAAAAAAAABEAAAAAQBWAGEAcgBGAGkAbABlAEkAbgBmAG8AAAAAACQABAAAAFQAcgBhAG4AcwBsAGEAdABpAG8AbgAAAAAAAACwBNQDAAABAFMAdAByAGkAbgBnAEYAaQBsAGUASQBuAGYAbwAAALADAAABADAAMAAwADAAMAA0AGIAMAAAAEoAGQABAEMAbwBtAG0AZQBuAHQAcwAAAFMAeQBzAHQAZQBtAC4AUAByAGkAdgBhAHQAZQAuAFQAaAByAGUAYQBkAGkAbgBnAAAAAABMABYAAQBDAG8AbQBwAGEAbgB5AE4AYQBtAGUAAAAAAE0AaQBjAHIAbwBzAG8AZgB0ACAAQwBvAHIAcABvAHIAYQB0AGkAbwBuAAAAWgAZAAEARgBpAGwAZQBEAGUAcwBjAHIAaQBwAHQAaQBvAG4AAAAAAFMAeQBzAHQAZQBtAC4AUAByAGkAdgBhAHQAZQAuAFQAaAByAGUAYQBkAGkAbgBnAAAAAAA6AA0AAQBGAGkAbABlAFYAZQByAHMAaQBvAG4AAAAAADQALgA2AC4AMgA3ADQAMAA1AC4AMAAwAAAAAABaAB0AAQBJAG4AdABlAHIAbgBhAGwATgBhAG0AZQAAAFMAeQBzAHQAZQBtAC4AUAByAGkAdgBhAHQAZQAuAFQAaAByAGUAYQBkAGkAbgBnAC4AZABsAGwAAAAAAIIALwABAEwAZQBnAGEAbABDAG8AcAB5AHIAaQBnAGgAdAAAAKkAIABNAGkAYwByAG8AcwBvAGYAdAAgAEMAbwByAHAAbwByAGEAdABpAG8AbgAuACAAIABBAGwAbAAgAHIAaQBnAGgAdABzACAAcgBlAHMAZQByAHYAZQBkAC4AAAAAAGIAHQABAE8AcgBpAGcAaQBuAGEAbABGAGkAbABlAG4AYQBtAGUAAABTAHkAcwB0AGUAbQAuAFAAcgBpAHYAYQB0AGUALgBUAGgAcgBlAGEAZABpAG4AZwAuAGQAbABsAAAAAABUABoAAQBQAHIAbwBkAHUAYwB0AE4AYQBtAGUAAAAAAE0AaQBjAHIAbwBzAG8AZgB0AK4AIAAuAE4ARQBUACAARgByAGEAbQBlAHcAbwByAGsAAACYADoAAQBQAHIAbwBkAHUAYwB0AFYAZQByAHMAaQBvAG4AAAA0AC4ANgAuADIANwA0ADAANQAuADAAMAAgAGIAdQBpAGwAdAAgAGIAeQA6ACAAZABsAGEAYgAxADQALQBEAEQAQgBMAEQAMgAwADAAQwAuACAAQwBvAG0AbQBpAHQAIABIAGEAcwBoADoAIABOAC8AQQAAADgACAABAEEAcwBzAGUAbQBiAGwAeQAgAFYAZQByAHMAaQBvAG4AAAA0AC4AMAAuADAALgAwAAAA","PDBPresent","","v4.0.30319"
"System.Private.TypeLoader, Version=4.0.0.0, Culture=neutral, PublicKeyToken=b03f5f7f11d50a3a","","1549389072","cAQ0AAAAVgBTAF8AVgBFAFIAUwBJAE8ATgBfAEkATgBGAE8AAAAAAL0E7/4AAAEABgAEAAAACWsAAAAAAAAAAD8AAAAAAAAABAAAAAIAAAAAAAAAAAAAAAAAAABEAAAAAQBWAGEAcgBGAGkAbABlAEkAbgBmAG8AAAAAACQABAAAAFQAcgBhAG4AcwBsAGEAdABpAG8AbgAAAAAAAACwBNADAAABAFMAdAByAGkAbgBnAEYAaQBsAGUASQBuAGYAbwAAAKwDAAABADAAMAAwADAAMAA0AGIAMAAAAEwAGgABAEMAbwBtAG0AZQBuAHQAcwAAAFMAeQBzAHQAZQBtAC4AUAByAGkAdgBhAHQAZQAuAFQAeQBwAGUATABvAGEAZABlAHIAAABMABYAAQBDAG8AbQBwAGEAbgB5AE4AYQBtAGUAAAAAAE0AaQBjAHIAbwBzAG8AZgB0ACAAQwBvAHIAcABvAHIAYQB0AGkAbwBuAAAAXAAaAAEARgBpAGwAZQBEAGUAcwBjAHIAaQBwAHQAaQBvAG4AAAAAAFMAeQBzAHQAZQBtAC4AUAByAGkAdgBhAHQAZQAuAFQAeQBwAGUATABvAGEAZABlAHIAAAA4AAwAAQBGAGkAbABlAFYAZQByAHMAaQBvAG4AAAAAADQALgA2AC4AMgA3ADQAMAAxAC4AMAAAAFwAHgABAEkAbgB0AGUAcgBuAGEAbABOAGEAbQBlAAAAUwB5AHMAdABlAG0ALgBQAHIAaQB2AGEAdABlAC4AVAB5AHAAZQBMAG8AYQBkAGUAcgAuAGQAbABsAAAAggAvAAEATABlAGcAYQBsAEMAbwBwAHkAcgBpAGcAaAB0AAAAqQAgAE0AaQBjAHIAbwBzAG8AZgB0ACAAQwBvAHIAcABvAHIAYQB0AGkAbwBuAC4AIAAgAEEAbABsACAAcgBpAGcAaAB0AHMAIAByAGUAcwBlAHIAdgBlAGQALgAAAAAAZAAeAAEATwByAGkAZwBpAG4AYQBsAEYAaQBsAGUAbgBhAG0AZQAAAFMAeQBzAHQAZQBtAC4AUAByAGkAdgBhAHQAZQAuAFQAeQBwAGUATABvAGEAZABlAHIALgBkAGwAbAAAAFQAGgABAFAAcgBvAGQAdQBjAHQATgBhAG0AZQAAAAAATQBpAGMAcgBvAHMAbwBmAHQArgAgAC4ATgBFAFQAIABGAHIAYQBtAGUAdwBvAHIAawAAAJYAOQABAFAAcgBvAGQAdQBjAHQAVgBlAHIAcwBpAG8AbgAAADQALgA2AC4AMgA3ADQAMAAxAC4AMAAgAGIAdQBpAGwAdAAgAGIAeQA6ACAAZABsAGEAYgAxADQALQBEAEQAQgBMAEQAMgAwADAAQwAuACAAQwBvAG0AbQBpAHQAIABIAGEAcwBoADoAIABOAC8AQQAAAAAAOAAIAAEAQQBzAHMAZQBtAGIAbAB5ACAAVgBlAHIAcwBpAG8AbgAAADQALgAwAC4AMAAuADAAAAA=","PDBPresent","","v4.0.30319"
"System.Private.Uri, Version=4.0.5.0, Culture=neutral, PublicKeyToken=b03f5f7f11d50a3a","","1548716601","FAU0AAAAVgBTAF8AVgBFAFIAUwBJAE8ATgBfAEkATgBGAE8AAAAAAL0E7/4AAAEABgAEAAMAwGoAAAAAAAAAAD8AAAAAAAAABAAAAAIAAAAAAAAAAAAAAAAAAABEAAAAAQBWAGEAcgBGAGkAbABlAEkAbgBmAG8AAAAAACQABAAAAFQAcgBhAG4AcwBsAGEAdABpAG8AbgAAAAAAAACwBHQEAAABAFMAdAByAGkAbgBnAEYAaQBsAGUASQBuAGYAbwAAAFAEAAABADAAMAAwADAAMAA0AGIAMAAAAD4AEwABAEMAbwBtAG0AZQBuAHQAcwAAAFMAeQBzAHQAZQBtAC4AUAByAGkAdgBhAHQAZQAuAFUAcgBpAAAAAABMABYAAQBDAG8AbQBwAGEAbgB5AE4AYQBtAGUAAAAAAE0AaQBjAHIAbwBzAG8AZgB0ACAAQwBvAHIAcABvAHIAYQB0AGkAbwBuAAAATgATAAEARgBpAGwAZQBEAGUAcwBjAHIAaQBwAHQAaQBvAG4AAAAAAFMAeQBzAHQAZQBtAC4AUAByAGkAdgBhAHQAZQAuAFUAcgBpAAAAAAA6AA0AAQBGAGkAbABlAFYAZQByAHMAaQBvAG4AAAAAADQALgA2AC4AMgA3ADMAMgA4AC4AMAAzAAAAAABOABcAAQBJAG4AdABlAHIAbgBhAGwATgBhAG0AZQAAAFMAeQBzAHQAZQBtAC4AUAByAGkAdgBhAHQAZQAuAFUAcgBpAC4AZABsAGwAAAAAAIAALgABAEwAZQBnAGEAbABDAG8AcAB5AHIAaQBnAGgAdAAAAKkAIABNAGkAYwByAG8AcwBvAGYAdAAgAEMAbwByAHAAbwByAGEAdABpAG8AbgAuACAAQQBsAGwAIAByAGkAZwBoAHQAcwAgAHIAZQBzAGUAcgB2AGUAZAAuAAAAVgAXAAEATwByAGkAZwBpAG4AYQBsAEYAaQBsAGUAbgBhAG0AZQAAAFMAeQBzAHQAZQBtAC4AUAByAGkAdgBhAHQAZQAuAFUAcgBpAC4AZABsAGwAAAAAAFQAGgABAFAAcgBvAGQAdQBjAHQATgBhAG0AZQAAAAAATQBpAGMAcgBvAHMAbwBmAHQArgAgAC4ATgBFAFQAIABGAHIAYQBtAGUAdwBvAHIAawAAAGoBowABAFAAcgBvAGQAdQBjAHQAVgBlAHIAcwBpAG8AbgAAADQALgA2AC4AMgA3ADMAMgA4AC4AMAAzACAAQABCAHUAaQBsAHQAQgB5ADoAIABkAGwAYQBiADEANAAtAEQARABWAFMATwBXAEkATgBBAEcARQAwADcAOAAgAEAAQgByAGEAbgBjAGgAOgAgAHIAZQBsAGUAYQBzAGUALwB1AHcAcAA2AC4AMgAtAE0AUwBSAEMAIABAAFMAcgBjAEMAbwBkAGUAOgAgAGgAdAB0AHAAcwA6AC8ALwBnAGkAdABoAHUAYgAuAGMAbwBtAC8AZABvAHQAbgBlAHQALwBjAG8AcgBlAGYAeAAvAHQAcgBlAGUALwA5ADIAZgA0AGYAMAAwADAAZABlADEANwBlADAAYgA4ADIAZQAwAGEAZAA2ADMANwBhAGMANAA3ADgAYQBiAGMAOQBiADQAMQAwAGQAYQBhAAAAAAA4AAgAAQBBAHMAcwBlAG0AYgBsAHkAIABWAGUAcgBzAGkAbwBuAAAANAAuADAALgA1AC4AMAAAAA==","PDBPresent","","v4.0.30319"
"System.Reflection.TypeExtensions, Version=4.1.3.0, Culture=neutral, PublicKeyToken=b03f5f7f11d50a3a","","1548716602","hAU0AAAAVgBTAF8AVgBFAFIAUwBJAE8ATgBfAEkATgBGAE8AAAAAAL0E7/4AAAEABgAEAAMAwGoAAAAAAAAAAD8AAAAAAAAABAAAAAIAAAAAAAAAAAAAAAAAAABEAAAAAQBWAGEAcgBGAGkAbABlAEkAbgBmAG8AAAAAACQABAAAAFQAcgBhAG4AcwBsAGEAdABpAG8AbgAAAAAAAACwBOQEAAABAFMAdAByAGkAbgBnAEYAaQBsAGUASQBuAGYAbwAAAMAEAAABADAAMAAwADAAMAA0AGIAMAAAAFoAIQABAEMAbwBtAG0AZQBuAHQAcwAAAFMAeQBzAHQAZQBtAC4AUgBlAGYAbABlAGMAdABpAG8AbgAuAFQAeQBwAGUARQB4AHQAZQBuAHMAaQBvAG4AcwAAAAAATAAWAAEAQwBvAG0AcABhAG4AeQBOAGEAbQBlAAAAAABNAGkAYwByAG8AcwBvAGYAdAAgAEMAbwByAHAAbwByAGEAdABpAG8AbgAAAGoAIQABAEYAaQBsAGUARABlAHMAYwByAGkAcAB0AGkAbwBuAAAAAABTAHkAcwB0AGUAbQAuAFIAZQBmAGwAZQBjAHQAaQBvAG4ALgBUAHkAcABlAEUAeAB0AGUAbgBzAGkAbwBuAHMAAAAAADoADQABAEYAaQBsAGUAVgBlAHIAcwBpAG8AbgAAAAAANAAuADYALgAyADcAMwAyADgALgAwADMAAAAAAGoAJQABAEkAbgB0AGUAcgBuAGEAbABOAGEAbQBlAAAAUwB5AHMAdABlAG0ALgBSAGUAZgBsAGUAYwB0AGkAbwBuAC4AVAB5AHAAZQBFAHgAdABlAG4AcwBpAG8AbgBzAC4AZABsAGwAAAAAAIAALgABAEwAZQBnAGEAbABDAG8AcAB5AHIAaQBnAGgAdAAAAKkAIABNAGkAYwByAG8AcwBvAGYAdAAgAEMAbwByAHAAbwByAGEAdABpAG8AbgAuACAAQQBsAGwAIAByAGkAZwBoAHQAcwAgAHIAZQBzAGUAcgB2AGUAZAAuAAAAcgAlAAEATwByAGkAZwBpAG4AYQBsAEYAaQBsAGUAbgBhAG0AZQAAAFMAeQBzAHQAZQBtAC4AUgBlAGYAbABlAGMAdABpAG8AbgAuAFQAeQBwAGUARQB4AHQAZQBuAHMAaQBvAG4AcwAuAGQAbABsAAAAAABUABoAAQBQAHIAbwBkAHUAYwB0AE4AYQBtAGUAAAAAAE0AaQBjAHIAbwBzAG8AZgB0AK4AIAAuAE4ARQBUACAARgByAGEAbQBlAHcAbwByAGsAAABqAaMAAQBQAHIAbwBkAHUAYwB0AFYAZQByAHMAaQBvAG4AAAA0AC4ANgAuADIANwAzADIAOAAuADAAMwAgAEAAQgB1AGkAbAB0AEIAeQA6ACAAZABsAGEAYgAxADQALQBEAEQAVgBTAE8AVwBJAE4AQQBHAEUAMAA3ADgAIABAAEIAcgBhAG4AYwBoADoAIAByAGUAbABlAGEAcwBlAC8AdQB3AHAANgAuADIALQBNAFMAUgBDACAAQABTAHIAYwBDAG8AZABlADoAIABoAHQAdABwAHMAOgAvAC8AZwBpAHQAaAB1AGIALgBjAG8AbQAvAGQAbwB0AG4AZQB0AC8AYwBvAHIAZQBmAHgALwB0AHIAZQBlAC8AOQAyAGYANABmADAAMAAwAGQAZQAxADcAZQAwAGIAOAAyAGUAMABhAGQANgAzADcAYQBjADQANwA4AGEAYgBjADkAYgA0ADEAMABkAGEAYQAAAAAAOAAIAAEAQQBzAHMAZQBtAGIAbAB5ACAAVgBlAHIAcwBpAG8AbgAAADQALgAxAC4AMwAuADAAAAA=","PDBNotPresent","","v4.0.30319"
"System.Runtime, Version=4.2.1.0, Culture=neutral, PublicKeyToken=b03f5f7f11d50a3a","","1548716603","9AQ0AAAAVgBTAF8AVgBFAFIAUwBJAE8ATgBfAEkATgBGAE8AAAAAAL0E7/4AAAEABgAEAAMAwGoAAAAAAAAAAD8AAAAAAAAABAAAAAIAAAAAAAAAAAAAAAAAAABEAAAAAQBWAGEAcgBGAGkAbABlAEkAbgBmAG8AAAAAACQABAAAAFQAcgBhAG4AcwBsAGEAdABpAG8AbgAAAAAAAACwBFQEAAABAFMAdAByAGkAbgBnAEYAaQBsAGUASQBuAGYAbwAAADAEAAABADAAMAAwADAAMAA0AGIAMAAAADYADwABAEMAbwBtAG0AZQBuAHQAcwAAAFMAeQBzAHQAZQBtAC4AUgB1AG4AdABpAG0AZQAAAAAATAAWAAEAQwBvAG0AcABhAG4AeQBOAGEAbQBlAAAAAABNAGkAYwByAG8AcwBvAGYAdAAgAEMAbwByAHAAbwByAGEAdABpAG8AbgAAAEYADwABAEYAaQBsAGUARABlAHMAYwByAGkAcAB0AGkAbwBuAAAAAABTAHkAcwB0AGUAbQAuAFIAdQBuAHQAaQBtAGUAAAAAADoADQABAEYAaQBsAGUAVgBlAHIAcwBpAG8AbgAAAAAANAAuADYALgAyADcAMwAyADgALgAwADMAAAAAAEYAEwABAEkAbgB0AGUAcgBuAGEAbABOAGEAbQBlAAAAUwB5AHMAdABlAG0ALgBSAHUAbgB0AGkAbQBlAC4AZABsAGwAAAAAAIAALgABAEwAZQBnAGEAbABDAG8AcAB5AHIAaQBnAGgAdAAAAKkAIABNAGkAYwByAG8AcwBvAGYAdAAgAEMAbwByAHAAbwByAGEAdABpAG8AbgAuACAAQQBsAGwAIAByAGkAZwBoAHQAcwAgAHIAZQBzAGUAcgB2AGUAZAAuAAAATgATAAEATwByAGkAZwBpAG4AYQBsAEYAaQBsAGUAbgBhAG0AZQAAAFMAeQBzAHQAZQBtAC4AUgB1AG4AdABpAG0AZQAuAGQAbABsAAAAAABUABoAAQBQAHIAbwBkAHUAYwB0AE4AYQBtAGUAAAAAAE0AaQBjAHIAbwBzAG8AZgB0AK4AIAAuAE4ARQBUACAARgByAGEAbQBlAHcAbwByAGsAAABqAaMAAQBQAHIAbwBkAHUAYwB0AFYAZQByAHMAaQBvAG4AAAA0AC4ANgAuADIANwAzADIAOAAuADAAMwAgAEAAQgB1AGkAbAB0AEIAeQA6ACAAZABsAGEAYgAxADQALQBEAEQAVgBTAE8AVwBJAE4AQQBHAEUAMAA3ADgAIABAAEIAcgBhAG4AYwBoADoAIAByAGUAbABlAGEAcwBlAC8AdQB3AHAANgAuADIALQBNAFMAUgBDACAAQABTAHIAYwBDAG8AZABlADoAIABoAHQAdABwAHMAOgAvAC8AZwBpAHQAaAB1AGIALgBjAG8AbQAvAGQAbwB0AG4AZQB0AC8AYwBvAHIAZQBmAHgALwB0AHIAZQBlAC8AOQAyAGYANABmADAAMAAwAGQAZQAxADcAZQAwAGIAOAAyAGUAMABhAGQANgAzADcAYQBjADQANwA4AGEAYgBjADkAYgA0ADEAMABkAGEAYQAAAAAAOAAIAAEAQQBzAHMAZQBtAGIAbAB5ACAAVgBlAHIAcwBpAG8AbgAAADQALgAyAC4AMQAuADAAAAA=","PDBNotPresent","","v4.0.30319"
"System.Runtime.Extensions, Version=4.2.1.0, Culture=neutral, PublicKeyToken=b03f5f7f11d50a3a","","1548716612","RAU0AAAAVgBTAF8AVgBFAFIAUwBJAE8ATgBfAEkATgBGAE8AAAAAAL0E7/4AAAEABgAEAAMAwGoAAAAAAAAAAD8AAAAAAAAABAAAAAIAAAAAAAAAAAAAAAAAAABEAAAAAQBWAGEAcgBGAGkAbABlAEkAbgBmAG8AAAAAACQABAAAAFQAcgBhAG4AcwBsAGEAdABpAG8AbgAAAAAAAACwBKQEAAABAFMAdAByAGkAbgBnAEYAaQBsAGUASQBuAGYAbwAAAIAEAAABADAAMAAwADAAMAA0AGIAMAAAAEwAGgABAEMAbwBtAG0AZQBuAHQAcwAAAFMAeQBzAHQAZQBtAC4AUgB1AG4AdABpAG0AZQAuAEUAeAB0AGUAbgBzAGkAbwBuAHMAAABMABYAAQBDAG8AbQBwAGEAbgB5AE4AYQBtAGUAAAAAAE0AaQBjAHIAbwBzAG8AZgB0ACAAQwBvAHIAcABvAHIAYQB0AGkAbwBuAAAAXAAaAAEARgBpAGwAZQBEAGUAcwBjAHIAaQBwAHQAaQBvAG4AAAAAAFMAeQBzAHQAZQBtAC4AUgB1AG4AdABpAG0AZQAuAEUAeAB0AGUAbgBzAGkAbwBuAHMAAAA6AA0AAQBGAGkAbABlAFYAZQByAHMAaQBvAG4AAAAAADQALgA2AC4AMgA3ADMAMgA4AC4AMAAzAAAAAABcAB4AAQBJAG4AdABlAHIAbgBhAGwATgBhAG0AZQAAAFMAeQBzAHQAZQBtAC4AUgB1AG4AdABpAG0AZQAuAEUAeAB0AGUAbgBzAGkAbwBuAHMALgBkAGwAbAAAAIAALgABAEwAZQBnAGEAbABDAG8AcAB5AHIAaQBnAGgAdAAAAKkAIABNAGkAYwByAG8AcwBvAGYAdAAgAEMAbwByAHAAbwByAGEAdABpAG8AbgAuACAAQQBsAGwAIAByAGkAZwBoAHQAcwAgAHIAZQBzAGUAcgB2AGUAZAAuAAAAZAAeAAEATwByAGkAZwBpAG4AYQBsAEYAaQBsAGUAbgBhAG0AZQAAAFMAeQBzAHQAZQBtAC4AUgB1AG4AdABpAG0AZQAuAEUAeAB0AGUAbgBzAGkAbwBuAHMALgBkAGwAbAAAAFQAGgABAFAAcgBvAGQAdQBjAHQATgBhAG0AZQAAAAAATQBpAGMAcgBvAHMAbwBmAHQArgAgAC4ATgBFAFQAIABGAHIAYQBtAGUAdwBvAHIAawAAAGoBowABAFAAcgBvAGQAdQBjAHQAVgBlAHIAcwBpAG8AbgAAADQALgA2AC4AMgA3ADMAMgA4AC4AMAAzACAAQABCAHUAaQBsAHQAQgB5ADoAIABkAGwAYQBiADEANAAtAEQARABWAFMATwBXAEkATgBBAEcARQAwADcAOAAgAEAAQgByAGEAbgBjAGgAOgAgAHIAZQBsAGUAYQBzAGUALwB1AHcAcAA2AC4AMgAtAE0AUwBSAEMAIABAAFMAcgBjAEMAbwBkAGUAOgAgAGgAdAB0AHAAcwA6AC8ALwBnAGkAdABoAHUAYgAuAGMAbwBtAC8AZABvAHQAbgBlAHQALwBjAG8AcgBlAGYAeAAvAHQAcgBlAGUALwA5ADIAZgA0AGYAMAAwADAAZABlADEANwBlADAAYgA4ADIAZQAwAGEAZAA2ADMANwBhAGMANAA3ADgAYQBiAGMAOQBiADQAMQAwAGQAYQBhAAAAAAA4AAgAAQBBAHMAcwBlAG0AYgBsAHkAIABWAGUAcgBzAGkAbwBuAAAANAAuADIALgAxAC4AMAAAAA==","PDBNotPresent","","v4.0.30319"
"System.Security.Principal, Version=4.1.1.0, Culture=neutral, PublicKeyToken=b03f5f7f11d50a3a","","1548716604","RAU0AAAAVgBTAF8AVgBFAFIAUwBJAE8ATgBfAEkATgBGAE8AAAAAAL0E7/4AAAEABgAEAAMAwGoAAAAAAAAAAD8AAAAAAAAABAAAAAIAAAAAAAAAAAAAAAAAAABEAAAAAQBWAGEAcgBGAGkAbABlAEkAbgBmAG8AAAAAACQABAAAAFQAcgBhAG4AcwBsAGEAdABpAG8AbgAAAAAAAACwBKQEAAABAFMAdAByAGkAbgBnAEYAaQBsAGUASQBuAGYAbwAAAIAEAAABADAAMAAwADAAMAA0AGIAMAAAAEwAGgABAEMAbwBtAG0AZQBuAHQAcwAAAFMAeQBzAHQAZQBtAC4AUwBlAGMAdQByAGkAdAB5AC4AUAByAGkAbgBjAGkAcABhAGwAAABMABYAAQBDAG8AbQBwAGEAbgB5AE4AYQBtAGUAAAAAAE0AaQBjAHIAbwBzAG8AZgB0ACAAQwBvAHIAcABvAHIAYQB0AGkAbwBuAAAAXAAaAAEARgBpAGwAZQBEAGUAcwBjAHIAaQBwAHQAaQBvAG4AAAAAAFMAeQBzAHQAZQBtAC4AUwBlAGMAdQByAGkAdAB5AC4AUAByAGkAbgBjAGkAcABhAGwAAAA6AA0AAQBGAGkAbABlAFYAZQByAHMAaQBvAG4AAAAAADQALgA2AC4AMgA3ADMAMgA4AC4AMAAzAAAAAABcAB4AAQBJAG4AdABlAHIAbgBhAGwATgBhAG0AZQAAAFMAeQBzAHQAZQBtAC4AUwBlAGMAdQByAGkAdAB5AC4AUAByAGkAbgBjAGkAcABhAGwALgBkAGwAbAAAAIAALgABAEwAZQBnAGEAbABDAG8AcAB5AHIAaQBnAGgAdAAAAKkAIABNAGkAYwByAG8AcwBvAGYAdAAgAEMAbwByAHAAbwByAGEAdABpAG8AbgAuACAAQQBsAGwAIAByAGkAZwBoAHQAcwAgAHIAZQBzAGUAcgB2AGUAZAAuAAAAZAAeAAEATwByAGkAZwBpAG4AYQBsAEYAaQBsAGUAbgBhAG0AZQAAAFMAeQBzAHQAZQBtAC4AUwBlAGMAdQByAGkAdAB5AC4AUAByAGkAbgBjAGkAcABhAGwALgBkAGwAbAAAAFQAGgABAFAAcgBvAGQAdQBjAHQATgBhAG0AZQAAAAAATQBpAGMAcgBvAHMAbwBmAHQArgAgAC4ATgBFAFQAIABGAHIAYQBtAGUAdwBvAHIAawAAAGoBowABAFAAcgBvAGQAdQBjAHQAVgBlAHIAcwBpAG8AbgAAADQALgA2AC4AMgA3ADMAMgA4AC4AMAAzACAAQABCAHUAaQBsAHQAQgB5ADoAIABkAGwAYQBiADEANAAtAEQARABWAFMATwBXAEkATgBBAEcARQAwADcAOAAgAEAAQgByAGEAbgBjAGgAOgAgAHIAZQBsAGUAYQBzAGUALwB1AHcAcAA2AC4AMgAtAE0AUwBSAEMAIABAAFMAcgBjAEMAbwBkAGUAOgAgAGgAdAB0AHAAcwA6AC8ALwBnAGkAdABoAHUAYgAuAGMAbwBtAC8AZABvAHQAbgBlAHQALwBjAG8AcgBlAGYAeAAvAHQAcgBlAGUALwA5ADIAZgA0AGYAMAAwADAAZABlADEANwBlADAAYgA4ADIAZQAwAGEAZAA2ADMANwBhAGMANAA3ADgAYQBiAGMAOQBiADQAMQAwAGQAYQBhAAAAAAA4AAgAAQBBAHMAcwBlAG0AYgBsAHkAIABWAGUAcgBzAGkAbwBuAAAANAAuADEALgAxAC4AMAAAAA==","PDBPresent","","v4.0.30319"
"System.Text.RegularExpressions, Version=4.2.1.0, Culture=neutral, PublicKeyToken=b03f5f7f11d50a3a","","1548716662","dAU0AAAAVgBTAF8AVgBFAFIAUwBJAE8ATgBfAEkATgBGAE8AAAAAAL0E7/4AAAEABgAEAAMAwGoAAAAAAAAAAD8AAAAAAAAABAAAAAIAAAAAAAAAAAAAAAAAAABEAAAAAQBWAGEAcgBGAGkAbABlAEkAbgBmAG8AAAAAACQABAAAAFQAcgBhAG4AcwBsAGEAdABpAG8AbgAAAAAAAACwBNQEAAABAFMAdAByAGkAbgBnAEYAaQBsAGUASQBuAGYAbwAAALAEAAABADAAMAAwADAAMAA0AGIAMAAAAFYAHwABAEMAbwBtAG0AZQBuAHQAcwAAAFMAeQBzAHQAZQBtAC4AVABlAHgAdAAuAFIAZQBnAHUAbABhAHIARQB4AHAAcgBlAHMAcwBpAG8AbgBzAAAAAABMABYAAQBDAG8AbQBwAGEAbgB5AE4AYQBtAGUAAAAAAE0AaQBjAHIAbwBzAG8AZgB0ACAAQwBvAHIAcABvAHIAYQB0AGkAbwBuAAAAZgAfAAEARgBpAGwAZQBEAGUAcwBjAHIAaQBwAHQAaQBvAG4AAAAAAFMAeQBzAHQAZQBtAC4AVABlAHgAdAAuAFIAZQBnAHUAbABhAHIARQB4AHAAcgBlAHMAcwBpAG8AbgBzAAAAAAA6AA0AAQBGAGkAbABlAFYAZQByAHMAaQBvAG4AAAAAADQALgA2AC4AMgA3ADMAMgA4AC4AMAAzAAAAAABmACMAAQBJAG4AdABlAHIAbgBhAGwATgBhAG0AZQAAAFMAeQBzAHQAZQBtAC4AVABlAHgAdAAuAFIAZQBnAHUAbABhAHIARQB4AHAAcgBlAHMAcwBpAG8AbgBzAC4AZABsAGwAAAAAAIAALgABAEwAZQBnAGEAbABDAG8AcAB5AHIAaQBnAGgAdAAAAKkAIABNAGkAYwByAG8AcwBvAGYAdAAgAEMAbwByAHAAbwByAGEAdABpAG8AbgAuACAAQQBsAGwAIAByAGkAZwBoAHQAcwAgAHIAZQBzAGUAcgB2AGUAZAAuAAAAbgAjAAEATwByAGkAZwBpAG4AYQBsAEYAaQBsAGUAbgBhAG0AZQAAAFMAeQBzAHQAZQBtAC4AVABlAHgAdAAuAFIAZQBnAHUAbABhAHIARQB4AHAAcgBlAHMAcwBpAG8AbgBzAC4AZABsAGwAAAAAAFQAGgABAFAAcgBvAGQAdQBjAHQATgBhAG0AZQAAAAAATQBpAGMAcgBvAHMAbwBmAHQArgAgAC4ATgBFAFQAIABGAHIAYQBtAGUAdwBvAHIAawAAAGoBowABAFAAcgBvAGQAdQBjAHQAVgBlAHIAcwBpAG8AbgAAADQALgA2AC4AMgA3ADMAMgA4AC4AMAAzACAAQABCAHUAaQBsAHQAQgB5ADoAIABkAGwAYQBiADEANAAtAEQARABWAFMATwBXAEkATgBBAEcARQAwADcAOAAgAEAAQgByAGEAbgBjAGgAOgAgAHIAZQBsAGUAYQBzAGUALwB1AHcAcAA2AC4AMgAtAE0AUwBSAEMAIABAAFMAcgBjAEMAbwBkAGUAOgAgAGgAdAB0AHAAcwA6AC8ALwBnAGkAdABoAHUAYgAuAGMAbwBtAC8AZABvAHQAbgBlAHQALwBjAG8AcgBlAGYAeAAvAHQAcgBlAGUALwA5ADIAZgA0AGYAMAAwADAAZABlADEANwBlADAAYgA4ADIAZQAwAGEAZAA2ADMANwBhAGMANAA3ADgAYQBiAGMAOQBiADQAMQAwAGQAYQBhAAAAAAA4AAgAAQBBAHMAcwBlAG0AYgBsAHkAIABWAGUAcgBzAGkAbwBuAAAANAAuADIALgAxAC4AMAAAAA==","PDBPresent","","v4.0.30319"
"System.Threading, Version=4.1.1.0, Culture=neutral, PublicKeyToken=b03f5f7f11d50a3a","","1548716613","BAU0AAAAVgBTAF8AVgBFAFIAUwBJAE8ATgBfAEkATgBGAE8AAAAAAL0E7/4AAAEABgAEAAMAwGoAAAAAAAAAAD8AAAAAAAAABAAAAAIAAAAAAAAAAAAAAAAAAABEAAAAAQBWAGEAcgBGAGkAbABlAEkAbgBmAG8AAAAAACQABAAAAFQAcgBhAG4AcwBsAGEAdABpAG8AbgAAAAAAAACwBGQEAAABAFMAdAByAGkAbgBnAEYAaQBsAGUASQBuAGYAbwAAAEAEAAABADAAMAAwADAAMAA0AGIAMAAAADoAEQABAEMAbwBtAG0AZQBuAHQAcwAAAFMAeQBzAHQAZQBtAC4AVABoAHIAZQBhAGQAaQBuAGcAAAAAAEwAFgABAEMAbwBtAHAAYQBuAHkATgBhAG0AZQAAAAAATQBpAGMAcgBvAHMAbwBmAHQAIABDAG8AcgBwAG8AcgBhAHQAaQBvAG4AAABKABEAAQBGAGkAbABlAEQAZQBzAGMAcgBpAHAAdABpAG8AbgAAAAAAUwB5AHMAdABlAG0ALgBUAGgAcgBlAGEAZABpAG4AZwAAAAAAOgANAAEARgBpAGwAZQBWAGUAcgBzAGkAbwBuAAAAAAA0AC4ANgAuADIANwAzADIAOAAuADAAMwAAAAAASgAVAAEASQBuAHQAZQByAG4AYQBsAE4AYQBtAGUAAABTAHkAcwB0AGUAbQAuAFQAaAByAGUAYQBkAGkAbgBnAC4AZABsAGwAAAAAAIAALgABAEwAZQBnAGEAbABDAG8AcAB5AHIAaQBnAGgAdAAAAKkAIABNAGkAYwByAG8AcwBvAGYAdAAgAEMAbwByAHAAbwByAGEAdABpAG8AbgAuACAAQQBsAGwAIAByAGkAZwBoAHQAcwAgAHIAZQBzAGUAcgB2AGUAZAAuAAAAUgAVAAEATwByAGkAZwBpAG4AYQBsAEYAaQBsAGUAbgBhAG0AZQAAAFMAeQBzAHQAZQBtAC4AVABoAHIAZQBhAGQAaQBuAGcALgBkAGwAbAAAAAAAVAAaAAEAUAByAG8AZAB1AGMAdABOAGEAbQBlAAAAAABNAGkAYwByAG8AcwBvAGYAdACuACAALgBOAEUAVAAgAEYAcgBhAG0AZQB3AG8AcgBrAAAAagGjAAEAUAByAG8AZAB1AGMAdABWAGUAcgBzAGkAbwBuAAAANAAuADYALgAyADcAMwAyADgALgAwADMAIABAAEIAdQBpAGwAdABCAHkAOgAgAGQAbABhAGIAMQA0AC0ARABEAFYAUwBPAFcASQBOAEEARwBFADAANwA4ACAAQABCAHIAYQBuAGMAaAA6ACAAcgBlAGwAZQBhAHMAZQAvAHUAdwBwADYALgAyAC0ATQBTAFIAQwAgAEAAUwByAGMAQwBvAGQAZQA6ACAAaAB0AHQAcABzADoALwAvAGcAaQB0AGgAdQBiAC4AYwBvAG0ALwBkAG8AdABuAGUAdAAvAGMAbwByAGUAZgB4AC8AdAByAGUAZQAvADkAMgBmADQAZgAwADAAMABkAGUAMQA3AGUAMABiADgAMgBlADAAYQBkADYAMwA3AGEAYwA0ADcAOABhAGIAYwA5AGIANAAxADAAZABhAGEAAAAAADgACAABAEEAcwBzAGUAbQBiAGwAeQAgAFYAZQByAHMAaQBvAG4AAAA0AC4AMQAuADEALgAwAAAA","PDBNotPresent","","v4.0.30319"
"System.Private.SharedLibrary.Generated, Version=1.0.0.0, Culture=neutral, PublicKeyToken=null","","1549390165","AAA=","PDBNotPresent","","v4.0.30319"
"System.Private.CoreLib, Version=4.0.0.0, Culture=neutral, PublicKeyToken=b03f5f7f11d50a3a","","1549389065","YAQ0AAAAVgBTAF8AVgBFAFIAUwBJAE8ATgBfAEkATgBGAE8AAAAAAL0E7/4AAAEABgAEAAAACWsAAAAAAAAAAD8AAAAAAAAABAAAAAIAAAAAAAAAAAAAAAAAAABEAAAAAQBWAGEAcgBGAGkAbABlAEkAbgBmAG8AAAAAACQABAAAAFQAcgBhAG4AcwBsAGEAdABpAG8AbgAAAAAAAACwBMADAAABAFMAdAByAGkAbgBnAEYAaQBsAGUASQBuAGYAbwAAAJwDAAABADAAMAAwADAAMAA0AGIAMAAAAEYAFwABAEMAbwBtAG0AZQBuAHQAcwAAAFMAeQBzAHQAZQBtAC4AUAByAGkAdgBhAHQAZQAuAEMAbwByAGUATABpAGIAAAAAAEwAFgABAEMAbwBtAHAAYQBuAHkATgBhAG0AZQAAAAAATQBpAGMAcgBvAHMAbwBmAHQAIABDAG8AcgBwAG8AcgBhAHQAaQBvAG4AAABWABcAAQBGAGkAbABlAEQAZQBzAGMAcgBpAHAAdABpAG8AbgAAAAAAUwB5AHMAdABlAG0ALgBQAHIAaQB2AGEAdABlAC4AQwBvAHIAZQBMAGkAYgAAAAAAOAAMAAEARgBpAGwAZQBWAGUAcgBzAGkAbwBuAAAAAAA0AC4ANgAuADIANwA0ADAAMQAuADAAAABWABsAAQBJAG4AdABlAHIAbgBhAGwATgBhAG0AZQAAAFMAeQBzAHQAZQBtAC4AUAByAGkAdgBhAHQAZQAuAEMAbwByAGUATABpAGIALgBkAGwAbAAAAAAAggAvAAEATABlAGcAYQBsAEMAbwBwAHkAcgBpAGcAaAB0AAAAqQAgAE0AaQBjAHIAbwBzAG8AZgB0ACAAQwBvAHIAcABvAHIAYQB0AGkAbwBuAC4AIAAgAEEAbABsACAAcgBpAGcAaAB0AHMAIAByAGUAcwBlAHIAdgBlAGQALgAAAAAAXgAbAAEATwByAGkAZwBpAG4AYQBsAEYAaQBsAGUAbgBhAG0AZQAAAFMAeQBzAHQAZQBtAC4AUAByAGkAdgBhAHQAZQAuAEMAbwByAGUATABpAGIALgBkAGwAbAAAAAAAVAAaAAEAUAByAG8AZAB1AGMAdABOAGEAbQBlAAAAAABNAGkAYwByAG8AcwBvAGYAdACuACAALgBOAEUAVAAgAEYAcgBhAG0AZQB3AG8AcgBrAAAAlgA5AAEAUAByAG8AZAB1AGMAdABWAGUAcgBzAGkAbwBuAAAANAAuADYALgAyADcANAAwADEALgAwACAAYgB1AGkAbAB0ACAAYgB5ADoAIABkAGwAYQBiADEANAAtAEQARABCAEwARAAyADAAMABDAC4AIABDAG8AbQBtAGkAdAAgAEgAYQBzAGgAOgAgAE4ALwBBAAAAAAA4AAgAAQBBAHMAcwBlAG0AYgBsAHkAIABWAGUAcgBzAGkAbwBuAAAANAAuADAALgAwAC4AMAAAAA==","PDBPresent","","v4.0.30319"
"System.Private.SharedLibrary.Interop.Generated, Version=0.0.0.0, Culture=neutral, PublicKeyToken=null","","1549390182","5AI0AAAAVgBTAF8AVgBFAFIAUwBJAE8ATgBfAEkATgBGAE8AAAAAAL0E7/4AAAEAAAAAAAAAAAAAAAAAAAAAAD8AAAAAAAAABAAAAAIAAAAAAAAAAAAAAAAAAABEAAAAAQBWAGEAcgBGAGkAbABlAEkAbgBmAG8AAAAAACQABAAAAFQAcgBhAG4AcwBsAGEAdABpAG8AbgAAAAAAAACwBEQCAAABAFMAdAByAGkAbgBnAEYAaQBsAGUASQBuAGYAbwAAACACAAABADAAMAAwADAAMAA0AGIAMAAAACwAAgABAEYAaQBsAGUARABlAHMAYwByAGkAcAB0AGkAbwBuAAAAAAAgAAAAMAAIAAEARgBpAGwAZQBWAGUAcgBzAGkAbwBuAAAAAAAwAC4AMAAuADAALgAwAAAAhgAzAAEASQBuAHQAZQByAG4AYQBsAE4AYQBtAGUAAABTAHkAcwB0AGUAbQAuAFAAcgBpAHYAYQB0AGUALgBTAGgAYQByAGUAZABMAGkAYgByAGEAcgB5AC4ASQBuAHQAZQByAG8AcAAuAEcAZQBuAGUAcgBhAHQAZQBkAC4AZABsAGwAAAAAACgAAgABAEwAZQBnAGEAbABDAG8AcAB5AHIAaQBnAGgAdAAAACAAAACOADMAAQBPAHIAaQBnAGkAbgBhAGwARgBpAGwAZQBuAGEAbQBlAAAAUwB5AHMAdABlAG0ALgBQAHIAaQB2AGEAdABlAC4AUwBoAGEAcgBlAGQATABpAGIAcgBhAHIAeQAuAEkAbgB0AGUAcgBvAHAALgBHAGUAbgBlAHIAYQB0AGUAZAAuAGQAbABsAAAAAAA0AAgAAQBQAHIAbwBkAHUAYwB0AFYAZQByAHMAaQBvAG4AAAAwAC4AMAAuADAALgAwAAAAOAAIAAEAQQBzAHMAZQBtAGIAbAB5ACAAVgBlAHIAcwBpAG8AbgAAADAALgAwAC4AMAAuADAAAAA=","PDBPresent","","v4.0.30319"
